,CLU0000001305,CLU0000004567,CLU0000006216,CLU0000007598,CLU0000007854,CLU0000010351,CLU0000010404,CLU0000011078,CLU0000014504,CLU0000014533,CLU0000015737,CLU0000017936,CLU0000017938,CLU0000018322,CLU0000020474,CLU0000021749,CLU0000022037,CLU0000022400,CLU0000024150,CLU0000026240,CLU0000027059,CLU0000028853,CLU0000034965,CLU0000035877,CLU0000036282,CLU0000038707,CLU0000042006,CLU0000042099,CLU0000043250,CLU0000045142,CLU0000046777,CLU0000052920,CLU0000056109,CLU0000057190,CLU0000057354,CLU0000061355,CLU0000063743,CLU0000065197,CLU0000066308,CLU0000066584,CLU0000068419,CLU0000068640,CLU0000069887,CLU0000070664,CLU0000071929,CLU0000073807,CLU0000076268,CLU0000077379,CLU0000077407,CLU0000080992,CLU0000083342,CLU0000086475,CLU0000088851,CLU0000089020,CLU0000089772,CLU0000097087,CLU0000097255,CLU0000097478,CLU0000099980,CLU0000100186,CLU0000103199,CLU0000106162,CLU0000109655,CLU0000110468,CLU0000111294,CLU0000112971,CLU0000113023,CLU0000116030,CLU0120218,CLU0121487,CLU0121489,CLU0121490,CLU0121491,CLU0121492,CLU0121493,CLU0122147,CLU0122148,CLU0124659,CLU0124660,CLU0124661,CLU0124662,CLU0126368,CLU0130146,CLU0130147,CLU0130148,CLU0130149,CLU0130151,CLU0130152,CLU0130153,CLU0130156,CLU0130157,CLU0130160,CLU0130161,CLU0130162,CLU0145029,CLU0145030,CLU0145031,CLU0145032,CLU0145033,CLU0145034,CLU0145035,CLU0145036,CLU0145037,CLU0145038,CLU0145039,CLU0145040,CLU0145041,CLU0145043,CLU0145044,CLU0145046,CLU0145047,CLU0147063,CLU0147067,CLU0147068,CLU0147070,CLU0147071,CLU0147074,CLU0147075,CLU0147077,CLU0147078,CLU0147079,CLU0147080,CLU0148570,CLU0148571,CLU0148572,CLU0148573,CLU0148574,CLU0148575,CLU0148576,CLU0148577,CLU0148578,CLU0148580,CLU0148581,CLU0148582,CLU0148583,CLU0148587,CLU0148588,CLU0148589,CLU0148590,CLU0148591,CLU0148778,CLU0148779,CLU0149156,CLU0149157,CLU0149158,CLU0149162,CLU0149164,CLU0151807,CLU0151808,CLU0151809,CLU0152175,CLU0152177,CLU0152179,CLU0152180,CLU0152181,CLU0152184,CLU0152185,CLU0152186,CLU0152373,CLU0152374
S120C3309,0,0,0,0,0,0,0,1,0,0,0,1,1,0,0,0,0,1,0,0,0,0,0,1,1,0,0,0,0,0,0,0,0,0,0,0,1,0,0,0,0,0,0,0,0,0,0,0,0,0,0,0,0,0,0,0,0,0,1,1,0,0,0,0,1,0,0,0,0,0,1,0,1,1,1,1,0,0,0,0,0,0,0,0,0,0,0,0,0,0,0,0,1,0,0,0,0,0,0,0,0,0,0,0,0,0,0,0,0,0,0,0,0,0,0,0,1,0,0,1,1,1,0,1,0,0,0,0,0,0,0,0,0,0,0,0,0,0,0,0,0,1,0,0,0,0,0,0,0,0,0,1,0,0,0,0,0,0,1,1
S54C12038,0,0,0,0,0,0,0,0,0,0,0,1,0,0,0,0,1,0,0,0,0,0,0,0,0,0,0,0,0,0,0,0,0,0,1,0,0,0,0,0,0,0,0,0,0,0,0,0,0,0,0,0,0,0,0,0,0,1,0,0,0,0,0,0,1,0,0,0,0,0,0,0,0,0,1,0,0,0,0,0,0,0,0,0,0,0,0,0,0,0,0,0,1,0,0,0,0,0,0,0,1,1,0,0,0,0,0,0,0,0,0,0,0,0,0,0,0,0,0,1,1,1,0,0,0,0,0,0,0,0,0,0,0,0,0,0,0,0,0,0,0,1,0,0,0,0,0,0,0,0,0,1,0,0,0,0,0,0,1,1
S119C3309,0,0,0,0,0,0,0,1,1,0,0,1,1,0,0,1,0,1,0,0,0,0,0,1,0,0,0,0,0,0,0,0,0,0,1,0,0,0,0,0,0,0,0,0,0,0,0,0,0,0,0,0,0,0,0,0,0,0,1,1,0,1,0,0,0,0,0,0,1,1,1,1,1,1,1,0,0,1,1,1,1,0,0,0,0,0,0,0,0,0,0,0,0,0,0,0,0,0,0,0,0,0,0,0,0,0,0,0,0,0,0,0,0,0,0,0,1,0,0,0,0,0,0,1,0,0,0,0,0,0,0,0,0,0,0,0,0,0,0,0,0,0,1,0,0,0,0,0,0,0,0,0,0,0,0,0,0,0,0,0
S174C3309,0,0,0,0,0,0,0,0,1,0,0,0,1,0,0,1,0,1,0,0,0,0,0,1,1,0,0,0,0,0,0,0,0,0,1,0,1,0,0,0,0,0,0,0,0,0,0,0,0,0,1,0,0,0,0,0,0,0,1,0,0,1,0,0,0,0,0,0,1,0,1,1,1,1,1,1,0,1,1,1,1,0,0,0,0,0,0,0,0,0,0,0,0,0,0,0,0,0,0,0,0,0,0,0,0,0,0,0,0,0,0,0,0,0,1,0,0,0,0,0,0,0,0,1,0,0,0,0,0,0,0,0,0,0,0,0,0,0,0,0,0,0,1,0,0,0,0,0,0,0,0,0,0,0,0,0,0,0,0,0
S12C3309,0,0,0,0,0,0,0,0,0,0,0,0,1,0,0,0,0,1,0,0,0,0,0,1,0,0,0,0,0,0,0,0,0,0,1,0,0,0,0,0,0,0,0,0,0,0,0,0,0,0,0,0,0,0,0,0,0,0,1,0,0,0,0,0,1,0,0,0,0,0,1,0,1,1,0,1,1,0,0,0,0,0,0,0,0,0,0,0,0,0,0,1,0,0,0,0,0,0,0,0,1,0,0,0,0,0,0,0,0,0,0,0,0,0,0,0,0,1,0,0,0,0,0,1,0,0,0,0,0,0,0,0,0,0,0,0,0,0,0,0,0,0,0,0,0,0,0,0,0,0,0,0,0,0,0,0,0,0,0,0
S46C19002,0,0,1,1,1,0,0,0,1,1,0,0,0,0,0,1,0,0,0,0,1,1,1,0,0,1,0,0,0,1,1,0,1,0,0,1,0,1,0,1,1,0,0,0,1,1,0,1,1,1,0,0,1,0,0,0,0,0,0,0,1,0,0,1,0,0,0,1,0,0,0,1,0,0,0,0,0,0,0,0,0,0,0,1,0,0,1,1,1,0,0,0,1,0,0,1,0,1,0,1,0,0,0,0,0,0,0,0,0,0,0,0,1,0,0,0,0,0,0,1,0,0,0,0,0,0,0,0,0,0,0,0,0,0,0,0,0,0,0,0,0,0,0,0,0,0,1,1,1,1,0,0,1,1,1,1,1,1,1,0
S52C19002,0,0,1,1,0,0,0,0,1,1,0,0,0,1,0,1,0,0,1,0,1,1,1,0,0,1,0,0,0,1,1,0,1,0,0,0,0,1,0,1,1,0,0,0,1,1,0,1,1,1,0,0,1,0,0,0,0,0,0,1,1,0,0,1,0,1,0,0,0,1,0,1,0,0,0,0,0,0,0,0,0,0,0,1,1,1,1,1,1,0,0,0,1,1,1,1,1,0,0,1,0,0,0,0,0,0,0,0,0,0,0,0,1,0,0,0,0,0,0,1,0,0,0,0,0,0,0,0,0,0,0,0,0,0,0,1,0,0,0,0,1,1,0,1,0,0,1,0,0,0,1,1,1,1,1,1,1,1,1,0
S208C8780,0,1,0,0,1,0,0,0,0,0,0,0,0,1,1,0,0,1,1,0,1,1,0,0,0,1,1,0,0,1,0,0,1,1,0,0,1,0,1,0,0,1,1,1,0,0,1,0,0,0,1,0,0,0,1,0,0,0,0,0,1,0,0,0,0,1,0,1,0,0,0,1,0,0,1,0,0,0,0,0,0,0,1,1,1,1,1,1,1,1,1,1,1,1,0,1,0,0,0,0,0,0,0,0,0,0,0,0,0,1,0,1,1,1,0,1,0,0,1,1,0,0,0,0,0,0,0,0,0,0,1,0,0,0,0,1,0,0,0,0,0,1,0,0,1,0,1,1,0,1,1,1,0,0,0,0,0,0,1,0
S389C19002,0,0,0,0,1,0,1,0,0,0,0,0,0,0,1,0,0,0,1,0,1,1,0,0,0,1,0,0,0,1,0,0,0,1,0,1,0,0,1,0,0,0,1,1,0,0,0,0,1,0,0,0,0,0,1,0,0,0,0,0,1,0,0,0,0,1,0,1,0,0,0,1,0,0,0,0,0,0,0,0,0,0,0,1,0,1,0,1,1,0,0,0,0,0,0,1,0,0,1,0,0,0,0,0,0,0,0,0,0,0,0,0,1,0,0,0,0,0,0,1,0,0,0,0,0,0,0,0,0,0,0,0,0,0,0,0,0,0,0,0,1,1,1,1,1,1,1,1,1,0,0,1,0,0,0,1,1,0,1,0
S345C4899,1,0,0,0,1,1,0,0,1,1,1,1,1,0,0,1,0,0,0,1,0,0,1,0,1,0,0,1,1,0,0,1,1,1,0,1,0,0,1,0,0,0,0,0,0,0,0,0,0,0,0,1,0,1,1,1,1,0,0,1,1,0,1,0,0,0,1,0,0,1,1,1,0,0,1,0,1,0,0,0,0,1,0,1,0,1,1,1,0,1,0,0,0,0,1,1,1,1,1,1,1,1,1,1,1,1,1,1,1,1,1,0,1,0,0,0,0,0,0,0,0,0,1,1,1,1,1,1,1,1,1,1,1,1,1,1,1,1,1,1,0,0,1,0,0,0,0,0,0,0,0,0,0,0,0,0,1,0,0,0
S384C4899,1,0,0,0,1,1,0,0,1,1,1,1,1,0,0,1,0,0,0,1,0,0,1,0,1,0,0,1,1,0,0,1,1,1,0,1,1,0,1,0,0,0,0,0,0,0,0,0,0,0,0,1,0,1,1,1,1,0,0,1,1,1,1,0,0,0,1,0,0,1,1,1,0,0,1,0,1,0,0,0,0,1,0,1,0,1,1,1,0,1,1,0,0,0,1,1,1,1,1,1,1,1,1,1,1,1,1,1,1,1,1,0,1,0,0,0,1,0,0,0,0,0,1,1,1,1,1,1,1,1,1,1,1,1,1,1,1,1,1,1,0,0,1,0,1,0,0,0,0,0,0,0,0,0,0,0,1,0,0,0
S363C18383,0,1,0,0,1,0,1,0,1,0,0,0,1,0,0,0,1,0,0,0,0,0,0,0,0,0,0,0,0,0,0,0,0,1,1,1,1,0,1,0,1,1,0,1,0,0,1,0,1,0,0,0,0,0,1,0,0,1,0,1,1,0,0,0,0,1,0,0,0,0,0,1,0,0,1,0,1,0,0,0,0,0,1,1,0,1,1,1,0,1,0,0,0,1,0,0,1,0,0,1,0,0,0,0,0,0,1,0,0,0,0,1,1,1,1,1,1,1,1,1,1,1,0,0,0,0,0,0,0,1,0,0,0,0,0,1,0,0,1,0,0,1,0,0,0,1,1,0,0,0,0,1,0,0,0,0,1,0,1,0
S386C8502,0,0,0,0,0,0,0,0,0,0,0,1,0,0,0,0,0,0,0,0,0,0,0,0,0,0,1,0,0,0,0,0,0,0,0,0,1,0,0,0,0,0,0,0,0,0,0,0,0,0,0,0,0,0,0,0,0,0,0,0,0,0,0,0,0,0,0,0,0,0,0,0,0,0,1,0,0,0,0,0,0,0,0,0,0,0,0,0,0,0,0,0,0,0,0,0,0,0,0,0,0,0,0,0,0,0,0,0,0,0,0,0,0,0,0,0,0,0,0,1,0,0,0,0,0,0,0,0,0,0,0,0,0,0,0,0,0,0,0,0,1,1,0,0,0,0,0,0,0,0,0,1,0,0,0,0,0,0,1,0
